{"0": {"gk": 36.581912808003956, "gna": 117.34143790759661, "gleak": 0.29067955899103004, "ek": -83.26658248378146, "ena": 44.62193824578558, "eleak": -57.53340011948086, "c": 0.9675993596750292, "vrest": -57.53339802000692, "vthresh": 15.117552451733996}, "1": {"gk": 37.72986660554616, "gna": 120.531275685404, "gleak": 0.29080358261015443, "ek": -83.45800559966662, "ena": 43.62598955263509, "eleak": -57.20318160739325, "c": 0.9797123857299581, "vrest": -57.20317937437429, "vthresh": 15.018276913185016}, "2": {"gk": 36.01166222997684, "gna": 115.01748538805639, "gleak": 0.2886088794905489, "ek": -84.91991075962342, "ena": 43.01098706784866, "eleak": -57.18300858868166, "c": 0.9783641113600801, "vrest": -57.18300603979188, "vthresh": 15.249608618828807}, "3": {"gk": 35.83560751529885, "gna": 118.86674634321903, "gleak": 0.31146506034944516, "ek": -79.50114379098527, "ena": 42.76770862554904, "eleak": -59.469835242749255, "c": 0.9693387540453544, "vrest": -59.46983403143193, "vthresh": 15.933706397963944}, "4": {"gk": 35.72140922419537, "gna": 116.51453461349683, "gleak": 0.30815743103382287, "ek": -83.8808473540621, "ena": 43.38723294751276, "eleak": -59.746704124021555, "c": 0.974386514808724, "vrest": -59.7467027714845, "vthresh": 15.835756075338876}, "5": {"gk": 37.16637960805579, "gna": 114.1318028358875, "gleak": 0.30371991429023465, "ek": -82.6473538929539, "ena": 43.181705317126735, "eleak": -61.566927935753306, "c": 0.9955741751608953, "vrest": -61.56692491988441, "vthresh": 16.151406215725725}, "6": {"gk": 36.37679447564691, "gna": 122.5131391014322, "gleak": 0.2962585589267182, "ek": -80.93817700654239, "ena": 44.77623752379998, "eleak": -60.03148118834371, "c": 0.9572612465825205, "vrest": -60.031479040970886, "vthresh": 40.61219051783213}, "7": {"gk": 34.947448121926605, "gna": 120.93586496639496, "gleak": 0.30367786596350804, "ek": -78.78839456036646, "ena": 44.314201784853, "eleak": -57.24675145627667, "c": 0.988149300101477, "vrest": -57.24674938064878, "vthresh": 14.985376100151736}, "8": {"gk": 36.66423600279883, "gna": 115.6270905021588, "gleak": 0.29024564557664634, "ek": -79.37572016612897, "ena": 45.74377283060158, "eleak": -59.493441863327384, "c": 0.987650507483914, "vrest": -59.49343690988674, "vthresh": 15.019788945193431}, "9": {"gk": 35.23119614457753, "gna": 120.0723495465149, "gleak": 0.2947531872927241, "ek": -81.73062336207501, "ena": 44.338029452972286, "eleak": -59.83996243761544, "c": 0.9875393748990261, "vrest": -59.83995849477474, "vthresh": 39.719061751094785}, "10": {"gk": 35.867787371128436, "gna": 124.18402538799373, "gleak": 0.29088351241769694, "ek": -79.49714839276312, "ena": 43.46392280668335, "eleak": -61.12269193693405, "c": 0.9599333057552737, "vrest": -61.122688346528236, "vthresh": 15.227077502337663}, "11": {"gk": 35.45505512645536, "gna": 114.7575421741833, "gleak": 0.30695618163967975, "ek": -81.99767361083227, "ena": 44.45843084535117, "eleak": -56.87995292508397, "c": 0.9997366750983266, "vrest": -56.879951321092044, "vthresh": 15.35217415970847}, "12": {"gk": 34.66150745218273, "gna": 123.58259168548634, "gleak": 0.29842033105100263, "ek": -81.95564940977556, "ena": 44.797720730703986, "eleak": -57.862779378721505, "c": 0.9840940009105015, "vrest": -57.862776933903426, "vthresh": 14.695559547850568}, "13": {"gk": 37.5533517554271, "gna": 121.56251275015138, "gleak": 0.29073967653677474, "ek": -80.89618613290122, "ena": 46.90824001753368, "eleak": -58.352859392192265, "c": 0.9884791304971451, "vrest": -58.35285553656792, "vthresh": 14.529312128958727}, "14": {"gk": 34.300166895570264, "gna": 119.49595950036398, "gleak": 0.3105706623941967, "ek": -78.7658620246898, "ena": 45.96168740427213, "eleak": -60.76935764050356, "c": 0.9518815129138867, "vrest": -60.769356471703816, "vthresh": 15.48677999259329}, "15": {"gk": 36.23273685666803, "gna": 124.37361942711388, "gleak": 0.3106779490586281, "ek": -79.98681562581967, "ena": 43.15579641143736, "eleak": -57.575945124794934, "c": 0.9624293507547347, "vrest": -57.57594441187366, "vthresh": 15.44098458139145}, "16": {"gk": 37.44997178517464, "gna": 117.77217891956622, "gleak": 0.2962244048828123, "ek": -79.73273228480889, "ena": 44.84084245224397, "eleak": -58.772981067423025, "c": 0.9877297157261025, "vrest": -58.772977862605664, "vthresh": 15.263081842270026}, "17": {"gk": 36.83722993253371, "gna": 123.55278598476741, "gleak": 0.29198699717061616, "ek": -80.9942923702223, "ena": 44.41396444295904, "eleak": -59.64905236408591, "c": 0.9682802118667563, "vrest": -59.649049295111, "vthresh": 14.860864119122132}, "18": {"gk": 35.37827229980395, "gna": 117.32330894660463, "gleak": 0.29063614850395664, "ek": -79.08086768045114, "ena": 46.23720831029068, "eleak": -58.551640469265756, "c": 0.9844507502579828, "vrest": -58.551636005080745, "vthresh": 14.763338285474557}, "19": {"gk": 34.67371492358669, "gna": 121.12979202956326, "gleak": 0.30119287029099223, "ek": -84.3258178027843, "ena": 45.28759470407689, "eleak": -58.86317136059753, "c": 0.988059862773319, "vrest": -58.86316902708075, "vthresh": 15.005741707031397}, "20": {"gk": 36.63773166125748, "gna": 120.60945852670777, "gleak": 0.30411592605907, "ek": -85.4121718282619, "ena": 46.78323657059984, "eleak": -60.79885006548724, "c": 0.9967157293608702, "vrest": -60.798847506972, "vthresh": 42.72200939220512}, "21": {"gk": 35.45231033846632, "gna": 117.63900498842526, "gleak": 0.2991596308981187, "ek": -84.14754229711781, "ena": 46.221685138322194, "eleak": -59.67171961264317, "c": 0.9550389255482312, "vrest": -59.671718102675676, "vthresh": 15.209698461352975}, "22": {"gk": 36.35744789162754, "gna": 114.73911578004767, "gleak": 0.2896182044772776, "ek": -78.11181765016023, "ena": 47.173486610033315, "eleak": -61.60482170420125, "c": 0.9914090826587143, "vrest": -61.604814874523356, "vthresh": 14.910175052009457}, "23": {"gk": 37.77971478911579, "gna": 114.27677255273754, "gleak": 0.29738904580407133, "ek": -80.32732908465508, "ena": 45.580868243985215, "eleak": -58.89880768503421, "c": 0.9831906809116304, "vrest": -58.89880498155758, "vthresh": 15.289489436327182}, "24": {"gk": 35.86589968583701, "gna": 116.29744478131254, "gleak": 0.3039783238335899, "ek": -80.00814970652738, "ena": 45.52859405204155, "eleak": -59.237465787288194, "c": 0.9569420910001114, "vrest": -59.23746443092598, "vthresh": 15.432443637163301}, "25": {"gk": 37.62630756713176, "gna": 120.10218387672518, "gleak": 0.29734863329381084, "ek": -85.97908564107749, "ena": 44.39374523056235, "eleak": -58.372505322184566, "c": 0.9668629063157704, "vrest": -58.37250406537748, "vthresh": 15.325742821637308}, "26": {"gk": 36.79631872813306, "gna": 124.49598640563347, "gleak": 0.306607962934187, "ek": -84.85862571714698, "ena": 47.03861350470384, "eleak": -59.39501291498506, "c": 0.9993231294220236, "vrest": -59.395010915609234, "vthresh": 14.587852194972262}, "27": {"gk": 35.23976338163394, "gna": 117.66743293546745, "gleak": 0.30495595926115415, "ek": -85.13710140164238, "ena": 44.443636097820075, "eleak": -60.07701530202576, "c": 0.9617584334961996, "vrest": -60.077014024623104, "vthresh": 15.6154263013907}, "28": {"gk": 36.65536492601349, "gna": 114.9670246925902, "gleak": 0.2947663926751102, "ek": -83.62987252176794, "ena": 42.78704758228415, "eleak": -58.17032281613984, "c": 0.9743877138637499, "vrest": -58.170320718237065, "vthresh": 15.792833694498064}, "29": {"gk": 35.657963789791275, "gna": 120.4239858072898, "gleak": 0.29947599065531794, "ek": -82.4040742322797, "ena": 44.77547230110134, "eleak": -59.50415105406008, "c": 0.9511062525489644, "vrest": -59.504149606317554, "vthresh": 15.355346072440444}, "30": {"gk": 36.578424599719455, "gna": 116.79079208033485, "gleak": 0.3136275224394127, "ek": -85.02893115213963, "ena": 47.143294544329834, "eleak": -57.8983785558017, "c": 0.9693737930247056, "vrest": -57.89837809565781, "vthresh": 15.23008865116557}, "31": {"gk": 35.26865167089139, "gna": 117.69244489313355, "gleak": 0.31028114669124335,